scenario,seed,redirected_to_safe_area,baseline_final_safe_zone_distance_m,final_safe_zone_distance_m,safe_zone_distance_improvement_m,intercepted,mean_tracking_error_m,tracking_precision_ratio,peak_speed_mps
single_target_nominal,11,True,192.95455808882835,78.43554486479066,114.51901322403769,True,0.35125988775979977,0.9856459330143541,20.12482054418782
single_target_nominal,17,True,192.85585237172168,78.36305792587592,114.49279444584576,True,0.34290498755159754,0.9808612440191388,20.115981874914798
packet_loss_stress,11,True,180.4990088821643,62.29382890971582,118.20517997244849,True,0.3136307290508566,0.963302752293578,20.10890200351655
packet_loss_stress,17,True,180.43058690813862,62.1616865662375,118.26890034190112,True,0.305709026071301,0.981651376146789,20.120156367952013
urban_canyon,11,True,206.47594336785917,107.82237666310917,98.65356670475,True,0.3771899264593129,1.0,20.105790234456464
urban_canyon,17,True,206.22383772208636,107.80383950123311,98.41999822085324,True,0.3704807890290535,1.0,20.09931094119905
evasive_target,11,True,195.59740435423774,69.08378972932543,126.51361462491231,True,0.3231229331216255,0.88,20.09100313149286
evasive_target,17,True,195.58344002819027,68.84148433617258,126.74195569201768,True,0.31574096298179105,0.8933333333333333,20.093791076270122
